bugid	bug	buggy	patch	lineNo	action
1	jsoup49	buggy:  reindexChildren(index);  context:  }  }  protected  void  addChildren(int  index,  Node...  children)  {  Validate.noNullElements(children);  ensureChildNodes();  for  (int  i  =  children.length  -  1;  i  >=  0;  i--)  {  Node  in  =  children[i];  reparentChild(in);  childNodes.add(index,  in);  }      reindexChildren(index);  }  protected  void  ensureChildNodes()  {  if  (childNodes  ==  EMPTY_NODES)  {  childNodes  =  new  ArrayList<Node>(4);  }  }  	patch  reindexChildren(index);  	445	replace
2	jsoup51	buggy:  return  (c  >=  'A'  &&  c  <=  'Z')  ||  (c  >=  'a'  &&  c  <=  'z');  context:  }  boolean  matchesAnySorted(char[]  seq)  {  return  !isEmpty()  &&  Arrays.binarySearch(seq,  input[pos])  >=  0;  }  boolean  matchesLetter()  {  if  (isEmpty())  return  false;  char  c  =  input[pos];      return  (c  >=  'A'  &&  c  <=  'Z')  ||  (c  >=  'a'  &&  c  <=  'z');  }  boolean  matchesDigit()  {  if  (isEmpty())  return  false;  char  c  =  input[pos];  return  (c  >=  '0'  &&  c  <=  '9');  }  	patch  return  (c  >=  'A'  &&  c  <=  'Z')  ||  (c  >=  'a'  &&  c  <=  'z')  ||  Character.isLetter(c);  	300	replace
3	jacksondatabind70	buggy:  found  =  key.equals(prop.getName());  context:  boolean  found  =  false;  for  (int  i  =  1,  end  =  _hashArea.length;  i  <  end;  i  +=  2)  {  SettableBeanProperty  prop  =  (SettableBeanProperty)  _hashArea[i];  if  (prop  ==  null)  {  continue;  }  if  (!found)  {      found  =  key.equals(prop.getName());  if  (found)  {  _propsInOrder[_findFromOrdered(prop)]  =  null;  continue;  }  }  props.add(prop);  }  	patch  found  =  key.equals(_hashArea[i-1]);  	440	replace
4	math58	buggy:  return  fit(new  Gaussian.Parametric(),  guess);  context:  }  public  double[]  fit()  {  final  double[]  guess  =  (new  ParameterGuesser(getObservations())).guess();      return  fit(new  Gaussian.Parametric(),  guess);  }  public  static  class  ParameterGuesser  {  	patch  return  fit(guess);  	121	replace
5	jsoup62	buggy:  String  name  =  t.asEndTag().normalName();  context:  break;  case  EOF:  break;  }  return  true;  }  boolean  anyOtherEndTag(Token  t,  HtmlTreeBuilder  tb)  {      String  name  =  t.asEndTag().normalName();  ArrayList<Element>  stack  =  tb.getStack();  for  (int  pos  =  stack.size()  -1;  pos  >=  0;  pos--)  {  Element  node  =  stack.get(pos);  if  (node.nodeName().equals(name))  {  tb.generateImpliedEndTags(name);  if  (!name.equals(tb.currentElement().nodeName()))  tb.error(this);  tb.popStackToClose(name);  	patch  String  name  =  t.asEndTag().name();  //  matches  with  case  sensitivity  if  enabled  	764	replace
6	math59	buggy:  return  (a  <=  b)  ?  b  :  (Float.isNaN(a  +  b)  ?  Float.NaN  :  b);  context:  public  static  long  max(final  long  a,  final  long  b)  {  return  (a  <=  b)  ?  b  :  a;  }  public  static  float  max(final  float  a,  final  float  b)  {      return  (a  <=  b)  ?  b  :  (Float.isNaN(a  +  b)  ?  Float.NaN  :  b);  }  public  static  double  max(final  double  a,  final  double  b)  {  	patch  return  (a  <=  b)  ?  b  :  (Float.isNaN(a  +  b)  ?  Float.NaN  :  a);  	3482	replace
7	codec17	buggy:  return  new  String(bytes,  Charsets.ISO_8859_1);  context:  public  static  String  newStringIso8859_1(final  byte[]  bytes)  {      return  new  String(bytes,  Charsets.ISO_8859_1);  }  	patch  return  newString(bytes,  Charsets.ISO_8859_1);  	339	replace
8	jsoup17	buggy:  private  static  String  nullString  =  String.valueOf(0x0000);  context:  return  true;  }  },  ForeignContent  {  boolean  process(Token  t,  TreeBuilder  tb)  {  return  true;  }  };  private  static  String  nullString  =  String.valueOf(0x0000);  abstract  boolean  process(Token  t,  TreeBuilder  tb);  private  static  boolean  isWhitespace(Token  t)  {  if  (t.isCharacter())  {  String  data  =  t.asCharacter().getData();  for  (int  i  =  0;  i  <  data.length();  i++)  {  	patch  private  static  String  nullString  =  String.valueOf('\u0000');  	1451	replace
9	math85	buggy:  if  (fa  *  fb  >=  0.0  )  {  context:  do  {  a  =  Math.max(a  -  1.0,  lowerBound);  b  =  Math.min(b  +  1.0,  upperBound);  fa  =  function.value(a);  fb  =  function.value(b);  numIterations++  ;  }  while  ((fa  *  fb  >  0.0)  &&  (numIterations  <  maximumIterations)  &&  ((a  >  lowerBound)  ||  (b  <  upperBound)));      if  (fa  *  fb  >=  0.0  )  {  throw  new  ConvergenceException(   "number  of  iterations={0},  maximum  iterations={1},   "  +   "initial={2},  lower  bound={3},  upper  bound={4},  final  a  value={5},   "  +   "final  b  value={6},  f(a)={7},  f(b)={8} ",  numIterations,  maximumIterations,  initial,  lowerBound,  upperBound,  a,  b,  fa,  fb);  }  	patch  if  (fa  *  fb  >  0.0  )  {  	198	replace
10	mockito8	buggy:  }  else  {  context:  }  ParameterizedType  parameterizedType  =  (ParameterizedType)  classType;  TypeVariable[]  typeParameters  =  ((Class<?>)  parameterizedType.getRawType()).getTypeParameters();  Type[]  actualTypeArguments  =  parameterizedType.getActualTypeArguments();  for  (int  i  =  0;  i  <  actualTypeArguments.length;  i++)  {  TypeVariable  typeParameter  =  typeParameters[i];  Type  actualTypeArgument  =  actualTypeArguments[i];  if  (actualTypeArgument  instanceof  WildcardType)  {  contextualActualTypeParameters.put(typeParameter,  boundsOf((WildcardType)  actualTypeArgument));      }  else  {  contextualActualTypeParameters.put(typeParameter,  actualTypeArgument);  }  }  }  protected  void  registerTypeParametersOn(TypeVariable[]  typeParameters)  {  for  (TypeVariable  typeVariable  :  typeParameters)  {  	patch  }  else  if  (typeParameter  !=  actualTypeArgument)  {  	79	replace
11	jsoup46	buggy:  accum.append(c);  context:  final  char  c  =  (char)  codePoint;  switch  (c)  {  case  '&':  accum.append( "&amp; ");  break;  case  0xA0:  if  (escapeMode  !=  EscapeMode.xhtml)  accum.append( "&nbsp; ");  else          accum.append(c);  break;  case  '<':  if  (!inAttribute)  accum.append( "&lt; ");  else  accum.append(c);  break;  case  '>':  	patch  accum.append( "&#xa0; ");  	118	replace
12	csv1	buggy:  if  (current  ==  '\n')  {  context:  ExtendedBufferedReader(Reader  r)  {  super(r);  }  public  int  read()  throws  IOException  {  int  current  =  super.read();      if  (current  ==  '\n')  {  lineCounter++;  }  lastChar  =  current;  return  lastChar;  }  	patch  if  (current  ==  '\r'  ||  (current  ==  '\n'  &&  lastChar  !=  '\r'))  {  	58	replace
13	jacksondatabind82	buggy:  ignored  =  ignorals.getIgnored();  context:  JsonIgnoreProperties.Value  ignorals  =  ctxt.getConfig()  .getDefaultPropertyIgnorals(beanDesc.getBeanClass(),  beanDesc.getClassInfo());  Set<String>  ignored;  if  (ignorals  !=  null)  {  boolean  ignoreAny  =  ignorals.getIgnoreUnknown();  builder.setIgnoreUnknownProperties(ignoreAny);      ignored  =  ignorals.getIgnored();  for  (String  propName  :  ignored)  {  builder.addIgnorable(propName);  }  }  else  {  ignored  =  Collections.emptySet();  }  	patch  ignored  =  ignorals.findIgnoredForDeserialization();  	495	replace
14	math33	buggy:  if  (Precision.compareTo(entry,  0d,  maxUlps)  >  0)  {  context:  if  (getNumObjectiveFunctions()  ==  1)  {  return;  }  List<Integer>  columnsToDrop  =  new  ArrayList<Integer>();  columnsToDrop.add(0);  for  (int  i  =  getNumObjectiveFunctions();  i  <  getArtificialVariableOffset();  i++)  {  final  double  entry  =  tableau.getEntry(0,  i);      if  (Precision.compareTo(entry,  0d,  maxUlps)  >  0)  {  columnsToDrop.add(i);  }  }  for  (int  i  =  0;  i  <  getNumArtificialVariables();  i++)  {  int  col  =  i  +  getArtificialVariableOffset();  if  (getBasicRow(col)  ==  null)  {  	patch  if  (Precision.compareTo(entry,  0d,  epsilon)  >  0)  {  	338	replace
15	cli40	buggy:  return  null;  context:  else  if  (PatternOptionBuilder.FILES_VALUE  ==  clazz)  {  return  (T)  createFiles(str);  }  else  if  (PatternOptionBuilder.URL_VALUE  ==  clazz)  {  return  (T)  createURL(str);  }  else  {      return  null;  }  }  	patch  throw  new  ParseException( "Unable  to  handle  the  class:   "  +  clazz);  	103	replace
16	math27	buggy:  return  multiply(100).doubleValue();  context:  public  double  percentageValue()  {      return  multiply(100).doubleValue();  }  	patch  return  100  *  doubleValue();  	597	replace
17	jsoup47	buggy:  if  (!inAttribute)  context:  accum.append( "&amp; ");  break;  case  0xA0:  if  (escapeMode  !=  EscapeMode.xhtml)  accum.append( "&nbsp; ");  else  accum.append( "&#xa0; ");  break;  case  '<':          if  (!inAttribute)  accum.append( "&lt; ");  else  accum.append(c);  break;  case  '>':  if  (!inAttribute)  accum.append( "&gt; ");  else  	patch  if  (!inAttribute  ||  escapeMode  ==  EscapeMode.xhtml)  	122	replace
18	jsoup43	buggy:  if  (element.equals(search))  context:  List<Element>  siblings  =  parent().children();  return  siblings.size()  >  1  ?  siblings.get(siblings.size()  -  1)  :  null;  }  private  static  <E  extends  Element>  Integer  indexInList(Element  search,  List<E>  elements)  {  Validate.notNull(search);  Validate.notNull(elements);  for  (int  i  =  0;  i  <  elements.size();  i++)  {  E  element  =  elements.get(i);      if  (element.equals(search))  return  i;  }  return  null;  }  	patch  if  (element  ==  search)  	574	replace
19	closure123	buggy:  Context  rhsContext  =  Context.OTHER;  context:  cc.addOp(NodeUtil.opToStrNoFail(type),  false);  addExpr(first,  NodeUtil.precedence(type),  Context.OTHER);  }  break;  }  case  Token.HOOK:  {  Preconditions.checkState(childCount  ==  3);  int  p  =  NodeUtil.precedence(type);      Context  rhsContext  =  Context.OTHER;  addExpr(first,  p  +  1,  context);  cc.addOp( "? ",  true);  addExpr(first.getNext(),  1,  rhsContext);  cc.addOp( ": ",  true);  addExpr(last,  1,  rhsContext);  break;  }  	patch  Context  rhsContext  =  getContextForNoInOperator(context);  	285	replace
20	mockito26	buggy:  primitiveValues.put(double.class,  0);  context:  }  static  {  primitiveValues.put(boolean.class,  false);  primitiveValues.put(char.class,  '\u0000');  primitiveValues.put(byte.class,  (byte)  0);  primitiveValues.put(short.class,  (short)  0);  primitiveValues.put(int.class,  0);  primitiveValues.put(long.class,  0L);  primitiveValues.put(float.class,  0F);      primitiveValues.put(double.class,  0);  }  }  \  No  newline  at  end  of  file  	patch  primitiveValues.put(double.class,  0D);  	66	replace
21	math96	buggy:  ret  =  (Double.doubleToRawLongBits(real)  ==  Double.doubleToRawLongBits(rhs.getReal()))  &&  (Double.doubleToRawLongBits(imaginary)  ==  Double.doubleToRawLongBits(rhs.getImaginary()));  context:  if  (this  ==  other)  {  ret  =  true;  }  else  if  (other  ==  null)  {  ret  =  false;  }  else  {  try  {  Complex  rhs  =  (Complex)other;  if  (rhs.isNaN())  {  ret  =  this.isNaN();  }  else  {          ret  =  (Double.doubleToRawLongBits(real)  ==  Double.doubleToRawLongBits(rhs.getReal()))  &&  (Double.doubleToRawLongBits(imaginary)  ==  Double.doubleToRawLongBits(rhs.getImaginary()));  }  }  catch  (ClassCastException  ex)  {  ret  =  false;  }  }  return  ret;  	patch  ret  =  (real  ==  rhs.real)  &&  (imaginary  ==  rhs.imaginary);  	258	replace
22	codec10	buggy:  txt  =  txt.replaceAll( "^mb ",   "m2 ");  context:  txt  =  txt.replaceAll( "^cough ",   "cou2f ");  txt  =  txt.replaceAll( "^rough ",   "rou2f ");  txt  =  txt.replaceAll( "^tough ",   "tou2f ");  txt  =  txt.replaceAll( "^enough ",   "enou2f ");  //  2.0  only  txt  =  txt.replaceAll( "^trough ",   "trou2f ");  //  2.0  only  -  note  the  spec  says  ^enough  here  again,  c+p  error  I  assume  txt  =  txt.replaceAll( "^gn ",   "2n ");      txt  =  txt.replaceAll( "^mb ",   "m2 ");  txt  =  txt.replaceAll( "cq ",   "2q ");  txt  =  txt.replaceAll( "ci ",   "si ");  txt  =  txt.replaceAll( "ce ",   "se ");  txt  =  txt.replaceAll( "cy ",   "sy ");  txt  =  txt.replaceAll( "tch ",   "2ch ");  txt  =  txt.replaceAll( "c ",   "k ");  	patch  txt  =  txt.replaceAll( "mb$ ",   "m2 ");  	76	replace
23	gson15	buggy:  if  (Double.isNaN(value)  ||  Double.isInfinite(value))  {  context:  public  JsonWriter  value(double  value)  throws  IOException  {  writeDeferredName();  if  (Double.isNaN(value)  ||  Double.isInfinite(value))  {  throw  new  IllegalArgumentException( "Numeric  values  must  be  finite,  but  was   "  +  value);  }  beforeValue();  out.append(Double.toString(value));  return  this;  }  	patch  if  (!lenient  &&  (Double.isNaN(value)  ||  Double.isInfinite(value)))  {  	495	replace
24	math70	buggy:  return  solve(min,  max);  context:  public  double  solve(double  min,  double  max)  throws  MaxIterationsExceededException,  FunctionEvaluationException  {  return  solve(f,  min,  max);  }  public  double  solve(final  UnivariateRealFunction  f,  double  min,  double  max,  double  initial)  throws  MaxIterationsExceededException,  FunctionEvaluationException  {      return  solve(min,  max);  }  public  double  solve(final  UnivariateRealFunction  f,  double  min,  double  max)  throws  MaxIterationsExceededException,  FunctionEvaluationException  {  clearResult();  verifyInterval(min,max);  	patch  return  solve(f,  min,  max);  	72	replace
25	jsoup86	buggy:  if  (doc.childNodeSize()  >  0)  {  context:  }  public  XmlDeclaration  asXmlDeclaration()  {  String  data  =  getData();  Document  doc  =  Jsoup.parse( "< "  +  data.substring(1,  data.length()  -1)  +   "> ",  baseUri(),  Parser.xmlParser());  XmlDeclaration  decl  =  null;      if  (doc.childNodeSize()  >  0)  {  Element  el  =  doc.child(0);  decl  =  new  XmlDeclaration(NodeUtils.parser(doc).settings().normalizeTag(el.tagName()),  data.startsWith( "! "));  decl.attributes().addAll(el.attributes());  }  return  decl;  }  }  	patch  if  (doc.children().size()  >  0)  {  	78	replace
26	chart12	buggy:  this.dataset  =  dataset;  context:  this(null);  }  public  MultiplePiePlot(CategoryDataset  dataset)  {  super();      this.dataset  =  dataset;  PiePlot  piePlot  =  new  PiePlot(null);  this.pieChart  =  new  JFreeChart(piePlot);  this.pieChart.removeLegend();  this.dataExtractOrder  =  TableOrder.BY_COLUMN;  this.pieChart.setBackgroundPaint(null);  TextTitle  seriesTitle  =  new  TextTitle( "Series  Title ",  new  Font( "SansSerif ",  Font.BOLD,  12));  seriesTitle.setPosition(RectangleEdge.BOTTOM);  	patch  setDataset(dataset);  	145	replace
27	jacksondatabind97	buggy:  gen.writeObject(_value);  context:  public  final  void  serialize(JsonGenerator  gen,  SerializerProvider  ctxt)  throws  IOException  {  if  (_value  ==  null)  {  ctxt.defaultSerializeNull(gen);  }  else  if  (_value  instanceof  JsonSerializable)  {  ((JsonSerializable)  _value).serialize(gen,  ctxt);  }  else  {      gen.writeObject(_value);  }  }  	patch  ctxt.defaultSerializeValue(_value,  gen);  	114	replace
28	jsoup77	buggy:  String  elName  =  endTag.name();  context:  insertNode(doctypeNode);  }  private  void  popStackToClose(Token.EndTag  endTag)  {      String  elName  =  endTag.name();  Element  firstFound  =  null;  for  (int  pos  =  stack.size()  -1;  pos  >=  0;  pos--)  {  Element  next  =  stack.get(pos);  if  (next.nodeName().equals(elName))  {  firstFound  =  next;  break;  }  	patch  String  elName  =  endTag.normalName();  	117	replace
29	closure130	buggy:  if  (name.globalSets  ==  1  &&  name.localSets  ==  0  &&  context:  Deque<Name>  workList  =  new  ArrayDeque<Name>(namespace.getNameForest());  while  (!workList.isEmpty())  {  Name  name  =  workList.pop();  if  (name.type  ==  Name.Type.GET  ||  name.type  ==  Name.Type.SET)  {  continue;  }    if  (name.globalSets  ==  1  &&  name.localSets  ==  0  &&  name.aliasingGets  >  0)  {  List<Ref>  refs  =  Lists.newArrayList(name.getRefs());  for  (Ref  ref  :  refs)  {  if  (ref.type  ==  Type.ALIASING_GET  &&  ref.scope.isLocal())  {  if  (inlineAliasIfPossible(ref,  namespace))  {  	patch  if  (!name.inExterns  &&  name.globalSets  ==  1  &&  name.localSets  ==  0  &&  	172	replace
30	jsoup45	buggy:  }  else  if  (( "td ".equals(name)  ||   "td ".equals(name)  &&  !last))  {  context:  for  (int  pos  =  stack.size()  -1;  pos  >=  0;  pos--)  {  Element  node  =  stack.get(pos);  if  (pos  ==  0)  {  last  =  true;  node  =  contextElement;  }  String  name  =  node.nodeName();  if  ( "select ".equals(name))  {  transition(HtmlTreeBuilderState.InSelect);  break;  //  frag      }  else  if  (( "td ".equals(name)  ||   "td ".equals(name)  &&  !last))  {  transition(HtmlTreeBuilderState.InCell);  break;  }  else  if  ( "tr ".equals(name))  {  transition(HtmlTreeBuilderState.InRow);  break;  }  else  if  ( "tbody ".equals(name)  ||   "thead ".equals(name)  ||   "tfoot ".equals(name))  {  transition(HtmlTreeBuilderState.InTableBody);  break;  	patch  }  else  if  (( "td ".equals(name)  ||   "th ".equals(name)  &&  !last))  {  	394	replace
31	closure114	buggy:  }  else  {  context:  if  (parent.getFirstChild().getNext()  !=  n)  {  recordDepScope(recordNode,  ns);  }  else  {  recordDepScope(nameNode,  ns);  }      }  else  {  recordDepScope(recordNode,  ns);  }  	patch  }  else  if  (!(parent.isCall()  &&  parent.getFirstChild()  ==  n))  {  	578	replace
32	math57	buggy:  int  sum  =  0;  context:  final  List<Cluster<T>>  resultSet  =  new  ArrayList<Cluster<T>>();  final  T  firstPoint  =  pointSet.remove(random.nextInt(pointSet.size()));  resultSet.add(new  Cluster<T>(firstPoint));  final  double[]  dx2  =  new  double[pointSet.size()];  while  (resultSet.size()  <  k)  {      int  sum  =  0;  for  (int  i  =  0;  i  <  pointSet.size();  i++)  {  final  T  p  =  pointSet.get(i);  final  Cluster<T>  nearest  =  getNearestCluster(resultSet,  p);  final  double  d  =  p.distanceFrom(nearest.getCenter());  sum  +=  d  *  d;  dx2[i]  =  sum;  }  	patch  double  sum  =  0;  	175	replace
33	closure18	buggy:  if  (options.dependencyOptions.needsManagement()  &&  options.closurePass)  {  context:  if  (options.transformAMDToCJSModules  ||  options.processCommonJSModules)  {  processAMDAndCommonJSModules();  }  hoistExterns(externsRoot);  boolean  staleInputs  =  false;    if  (options.dependencyOptions.needsManagement()  &&  options.closurePass)  {  for  (CompilerInput  input  :  inputs)  {  for  (String  provide  :  input.getProvides())  {  getTypeRegistry().forwardDeclareType(provide);  }  }  	patch  if  (options.dependencyOptions.needsManagement())  {  	1288	replace
34	jacksondatabind17	buggy:  ||  TreeNode.class.isAssignableFrom(t.getRawClass()));  context:  case  NON_CONCRETE_AND_ARRAYS:  while  (t.isArrayType())  {  t  =  t.getContentType();  }  case  OBJECT_AND_NON_CONCRETE:  return  (t.getRawClass()  ==  Object.class)  ||  (!t.isConcrete()          ||  TreeNode.class.isAssignableFrom(t.getRawClass()));  case  NON_FINAL:  while  (t.isArrayType())  {  t  =  t.getContentType();  }  return  !t.isFinal()  &&  !TreeNode.class.isAssignableFrom(t.getRawClass());  default:  	patch  &&  !TreeNode.class.isAssignableFrom(t.getRawClass()));  	180	replace
35	csv4	buggy:  return  new  LinkedHashMap<String,  Integer>(this.headerMap);  context:  }  public  Map<String,  Integer>  getHeaderMap()  {      return  new  LinkedHashMap<String,  Integer>(this.headerMap);  }  	patch  return  this.headerMap  ==  null  ?  null  :  new  LinkedHashMap<String,  Integer>(this.headerMap);  	288	replace
36	math2	buggy:  return  (double)  (getSampleSize()  *  getNumberOfSuccesses())  /  (double)  getPopulationSize();  context:  return  ret;  }  public  double  getNumericalMean()  {      return  (double)  (getSampleSize()  *  getNumberOfSuccesses())  /  (double)  getPopulationSize();  }  	patch  return  getSampleSize()  *  (getNumberOfSuccesses()  /  (double)  getPopulationSize());  	268	replace
37	jsoup57	buggy:  attributes.remove(attrKey);  context:  Remove  an  attribute  by  key.  <b>Case  insensitive.</b>  public  void  removeIgnoreCase(String  key)  {  Validate.notEmpty(key);  if  (attributes  ==  null)  return;  for  (Iterator<String>  it  =  attributes.keySet().iterator();  it.hasNext();  )  {  String  attrKey  =  it.next();  if  (attrKey.equalsIgnoreCase(key))      attributes.remove(attrKey);  }  }  Tests  if  these  attributes  contain  an  attribute  with  this  key.  	patch  it.remove();  	125	replace
38	jsoup64	buggy:  tb.insert(startTag);  context:  }  private  static  void  handleRcData(Token.StartTag  startTag,  HtmlTreeBuilder  tb)  {  tb.tokeniser.transition(TokeniserState.Rcdata);  tb.markInsertionMode();  tb.transition(Text);  tb.insert(startTag);  }  private  static  void  handleRawtext(Token.StartTag  startTag,  HtmlTreeBuilder  tb)  {      tb.insert(startTag);  tb.tokeniser.transition(TokeniserState.Rawtext);  tb.markInsertionMode();  tb.transition(Text);  }  private  static  final  class  Constants  {  	patch  tb.insert(startTag);  	1489	replace
39	csv14	buggy:  if  (newRecord  &&  (c  <  '0'  ||  c  >  '9'  &&  c  <  'A'  ||  c  >  'Z'  &&  c  <  'a'  ||  c  >  'z'))  {  context:  if  (newRecord)  {  quote  =  true;  }  }  else  {  char  c  =  value.charAt(pos);      if  (newRecord  &&  (c  <  '0'  ||  c  >  '9'  &&  c  <  'A'  ||  c  >  'Z'  &&  c  <  'a'  ||  c  >  'z'))  {  quote  =  true;  }  else  if  (c  <=  COMMENT)  {  quote  =  true;  }  else  {  while  (pos  <  end)  {  	patch  if  (newRecord  &&  (c  <  0x20  ||  c  >  0x21  &&  c  <  0x23  ||  c  >  0x2B  &&  c  <  0x2D  ||  c  >  0x7E))  {  	1039	replace
40	codec7	buggy:  return  StringUtils.newStringUtf8(encodeBase64(binaryData,  true));  context:  public  static  String  encodeBase64String(byte[]  binaryData)  {      return  StringUtils.newStringUtf8(encodeBase64(binaryData,  true));  }  	patch  return  StringUtils.newStringUtf8(encodeBase64(binaryData,  false));  	670	replace
41	closure38	buggy:  if  (x  <  0  &&  prev  ==  '-')  {  context:  if  (binOp)  {  maybeCutLine();  }  }  void  addNumber(double  x)  {  char  prev  =  getLastChar();  boolean  negativeZero  =  isNegativeZero(x);  if  (x  <  0  &&  prev  ==  '-')  {  add( "   ");  }  if  ((long)  x  ==  x  &&  !negativeZero)  {  long  value  =  (long)  x;  long  mantissa  =  value;  int  exp  =  0;  if  (Math.abs(x)  >=  100)  {  	patch  if  ((x  <  0  ||  negativeZero)  &&  prev  ==  '-')  {  	245	replace
42	math11	buggy:  return  FastMath.pow(2  *  FastMath.PI,  -dim  /  2)  *  context:  return  covarianceMatrix.copy();  }  public  double  density(final  double[]  vals)  throws  DimensionMismatchException  {  final  int  dim  =  getDimension();  if  (vals.length  !=  dim)  {  throw  new  DimensionMismatchException(vals.length,  dim);  }      return  FastMath.pow(2  *  FastMath.PI,  -dim  /  2)  *  FastMath.pow(covarianceMatrixDeterminant,  -0.5)  *  getExponentTerm(vals);  }  	patch  return  FastMath.pow(2  *  FastMath.PI,  -0.5  *  dim)  *  	183	replace
43	math5	buggy:  return  NaN;  context:  imaginary  /  divisor);  }  public  Complex  reciprocal()  {  if  (isNaN)  {  return  NaN;  }  if  (real  ==  0.0  &&  imaginary  ==  0.0)  {      return  NaN;  }  if  (isInfinite)  {  return  ZERO;  }  if  (FastMath.abs(real)  <  FastMath.abs(imaginary))  {  double  q  =  real  /  imaginary;  	patch  return  INF;  	305	replace
44	lang59	buggy:  str.getChars(0,  strLen,  buffer,  size);  context:  public  StrBuilder  appendFixedWidthPadRight(Object  obj,  int  width,  char  padChar)  {  if  (width  >  0)  {  ensureCapacity(size  +  width);  String  str  =  (obj  ==  null  ?  getNullText()  :  obj.toString());  int  strLen  =  str.length();  if  (strLen  >=  width)  {      str.getChars(0,  strLen,  buffer,  size);  }  else  {  int  padLen  =  width  -  strLen;  str.getChars(0,  strLen,  buffer,  size);  for  (int  i  =  0;  i  <  padLen;  i++)  {  buffer[size  +  strLen  +  i]  =  padChar;  }  }  size  +=  width;  	patch  str.getChars(0,  width,  buffer,  size);  	884	replace
45	chart13	buggy:  new  Range(0.0,  constraint.getWidth()  -  w[2]),  context:  RectangleConstraint  c3  =  new  RectangleConstraint(0.0,  new  Range(0.0,  constraint.getWidth()),  LengthConstraintType.RANGE,  h[2],  null,  LengthConstraintType.FIXED);  Size2D  size  =  this.leftBlock.arrange(g2,  c3);  w[2]  =  size.width;  }  h[3]  =  h[2];  if  (this.rightBlock  !=  null)  {  RectangleConstraint  c4  =  new  RectangleConstraint(0.0,          new  Range(0.0,  constraint.getWidth()  -  w[2]),  LengthConstraintType.RANGE,  h[2],  null,  LengthConstraintType.FIXED);  Size2D  size  =  this.rightBlock.arrange(g2,  c4);  w[3]  =  size.width;  }  h[4]  =  h[2];  w[4]  =  constraint.getWidth()  -  w[3]  -  w[2];  RectangleConstraint  c5  =  new  RectangleConstraint(w[4],  h[4]);  	patch  new  Range(0.0,  Math.max(constraint.getWidth()  -  w[2],  0.0)),  	455	replace
46	chart11	buggy:  PathIterator  iterator2  =  p1.getPathIterator(null);  context:  if  (p1  ==  null)  {  return  (p2  ==  null);  }  if  (p2  ==  null)  {  return  false;  }  if  (p1.getWindingRule()  !=  p2.getWindingRule())  {  return  false;  }  PathIterator  iterator1  =  p1.getPathIterator(null);      PathIterator  iterator2  =  p1.getPathIterator(null);  double[]  d1  =  new  double[6];  double[]  d2  =  new  double[6];  boolean  done  =  iterator1.isDone()  &&  iterator2.isDone();  while  (!done)  {  if  (iterator1.isDone()  !=  iterator2.isDone())  {  return  false;  }  int  seg1  =  iterator1.currentSegment(d1);  	patch  PathIterator  iterator2  =  p2.getPathIterator(null);  	275	replace
47	mockito24	buggy:  return  1;  context:  MockName  name  =  mockUtil.getMockName(mock);  if  (name.isDefault())  {  return   "Mock  for   "  +  mockUtil.getMockSettings(mock).getTypeToMock().getSimpleName()  +   ",  hashCode:   "  +  mock.hashCode();  }  else  {  return  name.toString();  }  }  else  if  (methodsGuru.isCompareToMethod(invocation.getMethod()))  {      return  1;  }  Class<?>  returnType  =  invocation.getMethod().getReturnType();  return  returnValueFor(returnType);  }  Object  returnValueFor(Class<?>  type)  {  if  (Primitives.isPrimitiveOrWrapper(type))  {  	patch  return  invocation.getMock()  ==  invocation.getArguments()[0]  ?  0  :  1;  	76	replace
48	lang26	buggy:  Calendar  c  =  new  GregorianCalendar(mTimeZone);  context:  return  format(new  Date(millis));  }  public  String  format(Date  date)  {      Calendar  c  =  new  GregorianCalendar(mTimeZone);  c.setTime(date);  return  applyRules(c,  new  StringBuffer(mMaxLengthEstimate)).toString();  }  	patch  Calendar  c  =  new  GregorianCalendar(mTimeZone,  mLocale);  	820	replace
49	closure73	buggy:  if  (c  >  0x1f  &&  c  <=  0x7f)  {  context:  if  (outputCharsetEncoder.canEncode(c))  {  sb.append(c);  }  else  {  appendHexJavaScriptRepresentation(sb,  c);  }  }  else  {      if  (c  >  0x1f  &&  c  <=  0x7f)  {  sb.append(c);  }  else  {  appendHexJavaScriptRepresentation(sb,  c);  }  }  	patch  if  (c  >  0x1f  &&  c  <  0x7f)  {  	1045	replace
50	jacksonxml5	buggy:  _rootNameLookup  =  src._rootNameLookup;  context:  _rootNameLookup  =  src._rootNameLookup;  }  protected  XmlSerializerProvider(XmlSerializerProvider  src)  {  super(src);      _rootNameLookup  =  src._rootNameLookup;  }  	patch  _rootNameLookup  =  new  XmlRootNameLookup();  	59	replace
51	math82	buggy:  if  (MathUtils.compareTo(entry,  0,  epsilon)  >=  0)  {  context:  private  Integer  getPivotRow(final  int  col,  final  SimplexTableau  tableau)  {  double  minRatio  =  Double.MAX_VALUE;  Integer  minRatioPos  =  null;  for  (int  i  =  tableau.getNumObjectiveFunctions();  i  <  tableau.getHeight();  i++)  {  final  double  rhs  =  tableau.getEntry(i,  tableau.getWidth()  -  1);  final  double  entry  =  tableau.getEntry(i,  col);      if  (MathUtils.compareTo(entry,  0,  epsilon)  >=  0)  {  final  double  ratio  =  rhs  /  entry;  if  (ratio  <  minRatio)  {  minRatio  =  ratio;  minRatioPos  =  i;  }  }  }  return  minRatioPos;  	patch  if  (MathUtils.compareTo(entry,  0,  epsilon)  >  0)  {  	82	replace
52	math41	buggy:  for  (int  i  =  0;  i  <  weights.length;  i++)  {  context:  double  accum  =  0.0;  double  dev  =  0.0;  double  accum2  =  0.0;  for  (int  i  =  begin;  i  <  begin  +  length;  i++)  {  dev  =  values[i]  -  mean;  accum  +=  weights[i]  *  (dev  *  dev);  accum2  +=  weights[i]  *  dev;  }  double  sumWts  =  0;      for  (int  i  =  0;  i  <  weights.length;  i++)  {  sumWts  +=  weights[i];  }  if  (isBiasCorrected)  {  var  =  (accum  -  (accum2  *  accum2  /  sumWts))  /  (sumWts  -  1.0);  }  else  {  var  =  (accum  -  (accum2  *  accum2  /  sumWts))  /  sumWts;  }  	patch  for  (int  i  =  begin;  i  <  begin  +  length;  i++)  {  	520	replace
53	math32	buggy:  if  ((Boolean)  tree.getAttribute())  {  context:  }  protected  void  computeGeometricalProperties()  {  final  Vector2D[][]  v  =  getVertices();  if  (v.length  ==  0)  {  final  BSPTree<Euclidean2D>  tree  =  getTree(false);      if  ((Boolean)  tree.getAttribute())  {  setSize(Double.POSITIVE_INFINITY);  setBarycenter(Vector2D.NaN);  }  else  {  setSize(0);  setBarycenter(new  Vector2D(0,  0));  }  }  else  if  (v[0][0]  ==  null)  {  	patch  if  (tree.getCut()  ==  null  &&  (Boolean)  tree.getAttribute())  {  	136	replace
54	lang33	buggy:  classes[i]  =  array[i].getClass();  context:  public  static  Class<?>[]  toClass(Object[]  array)  {  if  (array  ==  null)  {  return  null;  }  else  if  (array.length  ==  0)  {  return  ArrayUtils.EMPTY_CLASS_ARRAY;  }  Class<?>[]  classes  =  new  Class[array.length];  for  (int  i  =  0;  i  <  array.length;  i++)  {      classes[i]  =  array[i].getClass();  }  return  classes;  }  	patch  classes[i]  =  array[i]  ==  null  ?  null  :  array[i].getClass();  	910	replace
55	collections26	buggy:  private  Object  readResolve()  {  context:  }  hashCode  =  total;  }  private  Object  readResolve()  {  calculateHashCode(keys);  return  this;  }  }  	patch  protected  Object  readResolve()  {  	277	replace
56	closure71	buggy:  boolean  isOverride  =  t.inGlobalScope()  &&  context:  private  void  checkPropertyVisibility(NodeTraversal  t,  Node  getprop,  Node  parent)  {  ObjectType  objectType  =  ObjectType.cast(dereference(getprop.getFirstChild().getJSType()));  String  propertyName  =  getprop.getLastChild().getString();  if  (objectType  !=  null)  {    boolean  isOverride  =  t.inGlobalScope()  &&  parent.getType()  ==  Token.ASSIGN  &&  parent.getFirstChild()  ==  getprop;  if  (isOverride)  {  objectType  =  objectType.getImplicitPrototype();  }  	patch  boolean  isOverride  =  parent.getJSDocInfo()  !=  null  &&  	416	replace
57	mockito29	buggy:  description.appendText(wanted.toString());  context:  this.wanted  =  wanted;  }  public  boolean  matches(Object  actual)  {  return  wanted  ==  actual;  }  public  void  describeTo(Description  description)  {  description.appendText( "same( ");  appendQuoting(description);      description.appendText(wanted.toString());  appendQuoting(description);  description.appendText( ") ");  }  private  void  appendQuoting(Description  description)  {  if  (wanted  instanceof  String)  {  description.appendText( "\ " ");  }  else  if  (wanted  instanceof  Character)  {  	patch  description.appendText(wanted  ==  null  ?   "null "  :  wanted.toString());  	29	replace
58	jacksondatabind57	buggy:  return  _bindAndReadValues(_considerFilter(_parserFactory.createParser(src),  context:  public  <T>  MappingIterator<T>  readValues(byte[]  src,  int  offset,  int  length)  throws  IOException,  JsonProcessingException  {  if  (_dataFormatReaders  !=  null)  {  return  _detectBindAndReadValues(_dataFormatReaders.findFormat(src,  offset,  length),  false);  }      return  _bindAndReadValues(_considerFilter(_parserFactory.createParser(src),  true));  }  public  final  <T>  MappingIterator<T>  readValues(byte[]  src)  throws  IOException,  JsonProcessingException  {  	patch  return  _bindAndReadValues(_considerFilter(_parserFactory.createParser(src,  offset,  length),  	1441	replace
59	time7	buggy:  int  defaultYear  =  chrono.year().get(instantLocal);  context:  public  int  parseInto(ReadWritableInstant  instant,  String  text,  int  position)  {  DateTimeParser  parser  =  requireParser();  if  (instant  ==  null)  {  throw  new  IllegalArgumentException( "Instant  must  not  be  null ");  }  long  instantMillis  =  instant.getMillis();  Chronology  chrono  =  instant.getChronology();  long  instantLocal  =  instantMillis  +  chrono.getZone().getOffset(instantMillis);  chrono  =  selectChronology(chrono);      int  defaultYear  =  chrono.year().get(instantLocal);  DateTimeParserBucket  bucket  =  new  DateTimeParserBucket(  instantLocal,  chrono,  iLocale,  iPivotYear,  defaultYear);  int  newPos  =  parser.parseInto(bucket,  text,  position);  instant.setMillis(bucket.computeMillis(false,  text));  if  (iOffsetParsed  &&  bucket.getOffsetInteger()  !=  null)  {  	patch  int  defaultYear  =  DateTimeUtils.getChronology(chrono).year().get(instantMillis);  	708	replace
60	codec3	buggy:  }  else  if  (contains(value,  index  +  1,  4,   "IER "))  {  context:  !contains(value,  index  -  1,  3,   "RGY ",   "OGY "))  {  result.append('K',  'J');  index  +=  2;  }  else  if  (contains(value,  index  +  1,  1,   "E ",   "I ",   "Y ")  ||  contains(value,  index  -  1,  4,   "AGGI ",   "OGGI "))  {  if  ((contains(value,  0  ,4,   "VAN   ",   "VON   ")  ||  contains(value,  0,  3,   "SCH "))  ||  contains(value,  index  +  1,  2,   "ET "))  {  result.append('K');      }  else  if  (contains(value,  index  +  1,  4,   "IER "))  {  result.append('J');  }  else  {  result.append('J',  'K');  }  index  +=  2;  }  else  if  (charAt(value,  index  +  1)  ==  'G')  {  index  +=  2;  result.append('K');  	patch  }  else  if  (contains(value,  index  +  1,  3,   "IER "))  {  	455	replace
61	jacksondatabind34	buggy:  visitFloatFormat(visitor,  typeHint,  JsonParser.NumberType.BIG_INTEGER);  context:  }  public  void  acceptJsonFormatVisitor(JsonFormatVisitorWrapper  visitor,  JavaType  typeHint)  throws  JsonMappingException  {  if  (_isInt)  {  visitIntFormat(visitor,  typeHint,  JsonParser.NumberType.BIG_INTEGER);  }  else  {  Class<?>  h  =  handledType();  if  (h  ==  BigDecimal.class)  {      visitFloatFormat(visitor,  typeHint,  JsonParser.NumberType.BIG_INTEGER);  }  else  {  }  }  }  }  \  No  newline  at  end  of  file  	patch  visitFloatFormat(visitor,  typeHint,  JsonParser.NumberType.BIG_DECIMAL);  	81	replace
62	closure86	buggy:  return  true;  context:  return  locals.apply(value);  case  Token.CALL:  return  callHasLocalResult(value)  ||  isToStringMethodCall(value)  ||  locals.apply(value);  case  Token.NEW:      return  true;  case  Token.FUNCTION:  case  Token.REGEXP:  case  Token.ARRAYLIT:  case  Token.OBJECTLIT:  return  true;  case  Token.IN:  	patch  return  false;  	2465	replace
63	jacksondatabind96	buggy:  paramName  =  candidate.findImplicitParamName(0);  context:  boolean  useProps  =  (paramName  !=  null)  ||  (injectId  !=  null);  if  (!useProps  &&  (paramDef  !=  null))  {      paramName  =  candidate.findImplicitParamName(0);  useProps  =  (paramName  !=  null)  &&  paramDef.couldSerialize();  }  if  (useProps)  {  SettableBeanProperty[]  properties  =  new  SettableBeanProperty[]  {  constructCreatorProperty(ctxt,  beanDesc,  paramName,  0,  param,  injectId)  };  creators.addPropertyCreator(candidate.creator(),  true,  properties);  return;  	patch  paramName  =  candidate.paramName(0);  	735	replace
64	lang61	buggy:  int  len  =  thisBuf.length  -  strLen;  context:  if  (strLen  ==  1)  {  return  indexOf(str.charAt(0),  startIndex);  }  if  (strLen  ==  0)  {  return  startIndex;  }  if  (strLen  >  size)  {  return  -1;  }  char[]  thisBuf  =  buffer;      int  len  =  thisBuf.length  -  strLen;  outer:  for  (int  i  =  startIndex;  i  <  len;  i++)  {  for  (int  j  =  0;  j  <  strLen;  j++)  {  if  (str.charAt(j)  !=  thisBuf[i  +  j])  {  continue  outer;  }  }  return  i;  	patch  int  len  =  size  -  strLen  +  1;  	1776	replace
65	closure67	buggy:  )  {  context:  return  t.inGlobalScope()  &&  (NodeUtil.isFunctionDeclaration(n)  ||  n.getType()  ==  Token.FUNCTION  &&  n.getParent().getType()  ==  Token.NAME);  }  private  boolean  isPrototypePropertyAssign(Node  assign)  {  Node  n  =  assign.getFirstChild();  if  (n  !=  null  &&  NodeUtil.isVarOrSimpleAssignLhs(n,  assign)  &&  n.getType()  ==  Token.GETPROP    )  {  boolean  isChainedProperty  =  n.getFirstChild().getType()  ==  Token.GETPROP;  if  (isChainedProperty)  {  Node  child  =  n.getFirstChild().getFirstChild().getNext();  if  (child.getType()  ==  Token.STRING  &&  	patch  &&  assign.getParent().getType()  ==  Token.EXPR_RESULT)  {  	318	replace
66	lang29	buggy:  static  float  toJavaVersionInt(String  version)  {  context:  static  float  toJavaVersionInt(String  version)  {  return  toVersionInt(toJavaVersionIntArray(version,  JAVA_VERSION_TRIM_SIZE));  }  	patch  static  int  toJavaVersionInt(String  version)  {  	1672	replace
67	codec9	buggy:  long  len  =  getEncodeLength(binaryData,  MIME_CHUNK_SIZE,  CHUNK_SEPARATOR);  context:  public  static  byte[]  encodeBase64(byte[]  binaryData,  boolean  isChunked,  boolean  urlSafe,  int  maxResultSize)  {  if  (binaryData  ==  null  ||  binaryData.length  ==  0)  {  return  binaryData;  }      long  len  =  getEncodeLength(binaryData,  MIME_CHUNK_SIZE,  CHUNK_SEPARATOR);  if  (len  >  maxResultSize)  {  throw  new  IllegalArgumentException( "Input  array  too  big,  the  output  array  would  be  bigger  ( "  +  len  +   ")  than  the  specified  maxium  size  of   "  +  maxResultSize);  }  Base64  b64  =  isChunked  ?  new  Base64(urlSafe)  :  new  Base64(0,  CHUNK_SEPARATOR,  urlSafe);  	patch  long  len  =  getEncodeLength(binaryData,  isChunked  ?  MIME_CHUNK_SIZE  :  0,  CHUNK_SEPARATOR);  	827	replace
68	jacksoncore5	buggy:  char  c  =  str.charAt(i++);  context:  private  final  static  int  _parseIndex(String  str)  {  final  int  len  =  str.length();  if  (len  ==  0  ||  len  >  10)  {  return  -1;  }  for  (int  i  =  0;  i  <  len;  ++i)  {      char  c  =  str.charAt(i++);  if  (c  >  '9'  ||  c  <  '0')  {  return  -1;  }  }  if  (len  ==  10)  {  long  l  =  NumberInput.parseLong(str);  if  (l  >  Integer.MAX_VALUE)  {  return  -1;  	patch  char  c  =  str.charAt(i);  	193	replace
69	jsoup41	buggy:  return  this  ==  o;  context:  }  public  boolean  equals(Object  o)  {  if  (this  ==  o)  return  true;  if  (o  ==  null  ||  getClass()  !=  o.getClass())  return  false;  if  (!super.equals(o))  return  false;  Element  element  =  (Element)  o;      return  this  ==  o;  }  public  int  hashCode()  {  int  result  =  super.hashCode();  result  =  31  *  result  +  (tag  !=  null  ?  tag.hashCode()  :  0);  return  result;  }  	patch  return  tag.equals(element.tag);  	1175	replace
70	closure70	buggy:  jsDocParameter.getJSType(),  true);  context:  Node  astParameters  =  functionNode.getFirstChild().getNext();  Node  body  =  astParameters.getNext();  FunctionType  functionType  =  (FunctionType)  functionNode.getJSType();  if  (functionType  !=  null)  {  Node  jsDocParameters  =  functionType.getParametersNode();  if  (jsDocParameters  !=  null)  {  Node  jsDocParameter  =  jsDocParameters.getFirstChild();  for  (Node  astParameter  :  astParameters.children())  {  if  (jsDocParameter  !=  null)  {  defineSlot(astParameter,  functionNode,        jsDocParameter.getJSType(),  true);  jsDocParameter  =  jsDocParameter.getNext();  }  else  {  defineSlot(astParameter,  functionNode,  null,  true);  }  }  }  }  }  //  end  declareArguments  	patch  jsDocParameter.getJSType(),  false);  	1745	replace
71	closure62	buggy:  &&  0  <=  charno  &&  charno  <  sourceExcerpt.length())  {  context:  b.append('\n');  if  (sourceExcerpt  !=  null)  {  b.append(sourceExcerpt);  b.append('\n');  int  charno  =  error.getCharno();  if  (excerpt.equals(LINE)    &&  0  <=  charno  &&  charno  <  sourceExcerpt.length())  {  for  (int  i  =  0;  i  <  charno;  i++)  {  char  c  =  sourceExcerpt.charAt(i);  if  (Character.isWhitespace(c))  {  b.append(c);  }  else  {  b.append('  ');  }  }  	patch  &&  0  <=  charno  &&  charno  <=  sourceExcerpt.length())  {  	98	replace
72	codec16	buggy:  25,  26,  27,  28,  29,  30,  31,  32,  context:  private  static  final  byte[]  HEX_DECODE_TABLE  =  {  1,  -1,  -1,  -1,  -1,  -1,  -1,  -1,  -1,  -1,  -1,  -1,  -1,  -1,  -1,  -1,  //  00-0f  1,  -1,  -1,  -1,  -1,  -1,  -1,  -1,  -1,  -1,  -1,  -1,  -1,  -1,  -1,  -1,  //  10-1f  1,  -1,  -1,  -1,  -1,  -1,  -1,  -1,  -1,  -1,  -1,  -1,  -1,  -1,  -1,  -1,  //  20-2f  0,  1,  2,  3,  4,  5,  6,  7,  8,  9,  -1,  -1,  -1,  -1,  -1,  -1,  //  30-3f  2-7  1,  10,  11,  12,  13,  14,  15,  16,  17,  18,  19,  20,  21,  22,  23,  24,  //  40-4f  A-O      25,  26,  27,  28,  29,  30,  31,  32,  };  private  static  final  byte[]  HEX_ENCODE_TABLE  =  {  '0',  '1',  '2',  '3',  '4',  '5',  '6',  '7',  '8',  '9',  	patch  25,  26,  27,  28,  29,  30,  31,                                                                          //  50-57  P-V  	99	replace
73	math34	buggy:  return  chromosomes.iterator();  context:  return  this.chromosomes.toString();  }  public  Iterator<Chromosome>  iterator()  {      return  chromosomes.iterator();  }  }  	patch  return  getChromosomes().iterator();  	209	replace
74	jacksoncore25	buggy:  if  (i  <=  maxCode)  {  context:  final  int  maxCode  =  codes.length;  while  (true)  {  if  (_inputPtr  >=  _inputEnd)  {  if  (!_loadMore())  {  //  acceptable  for  now  (will  error  out  later)  break;  }  }  char  c  =  _inputBuffer[_inputPtr];  int  i  =  (int)  c;      if  (i  <=  maxCode)  {  if  (codes[i]  !=  0)  {  break;  }  }  else  if  (!Character.isJavaIdentifierPart(c))  {  break;  }  hash  =  (hash  *  CharsToNameCanonicalizer.HASH_MULT)  +  i;  	patch  if  (i  <  maxCode)  {  	1963	replace
75	jacksondatabind71	buggy:  if  (raw  ==  String.class  ||  raw  ==  Object.class)  {  context:  _kind  =  kind;  _keyClass  =  cls;  _deser  =  deser;  }  public  static  StdKeyDeserializer  forType(Class<?>  raw)  {  int  kind;      if  (raw  ==  String.class  ||  raw  ==  Object.class)  {  return  StringKD.forType(raw);  }  else  if  (raw  ==  UUID.class)  {  kind  =  TYPE_UUID;  }  else  if  (raw  ==  Integer.class)  {  kind  =  TYPE_INT;  }  else  if  (raw  ==  Long.class)  {  kind  =  TYPE_LONG;  }  else  if  (raw  ==  Date.class)  {  	patch  if  (raw  ==  String.class  ||  raw  ==  Object.class  ||  raw  ==  CharSequence.class)  {  	75	replace
76	math104	buggy:  private  static  final  double  DEFAULT_EPSILON  =  10e-9;  context:  public  class  Gamma  implements  Serializable  {  private  static  final  long  serialVersionUID  =  -6587513359895466954L;  private  static  final  double  DEFAULT_EPSILON  =  10e-9;  private  static  double[]  lanczos  =  {  0.99999999999999709182,  57.156235665862923517,  59.597960355475491248,  14.136097974741747174,  	patch  private  static  final  double  DEFAULT_EPSILON  =  10e-15;  	37	replace
77	closure57	buggy:  if  (target  !=  null)  {  context:  private  static  String  extractClassNameIfGoog(Node  node,  Node  parent,  String  functionName){  String  className  =  null;  if  (NodeUtil.isExprCall(parent))  {  Node  callee  =  node.getFirstChild();  if  (callee  !=  null  &&  callee.getType()  ==  Token.GETPROP)  {  String  qualifiedName  =  callee.getQualifiedName();  if  (functionName.equals(qualifiedName))  {  Node  target  =  callee.getNext();    if  (target  !=  null)  {  className  =  target.getString();  }  }  }  }  return  className;  }  	patch  if  (target  !=  null  &&  target.getType()  ==  Token.STRING)  {  	197	replace
78	cli28	buggy:  break;  context:  }  }  }  else  if  (!( "yes ".equalsIgnoreCase(value)  ||   "true ".equalsIgnoreCase(value)  ||   "1 ".equalsIgnoreCase(value)))  {          break;  }  cmd.addOption(opt);  }  }  }  	patch  continue;  	290	replace
79	closure104	buggy:  if  (result  !=  null)  {  context:  if  (that  instanceof  UnionType)  {  for  (JSType  otherAlternate  :  ((UnionType)  that).alternates)  {  if  (otherAlternate.isSubtype(this))  {  builder.addAlternate(otherAlternate);  }  }  }  else  if  (that.isSubtype(this))  {  builder.addAlternate(that);  }  JSType  result  =  builder.build();  if  (result  !=  null)  {  return  result;  }  else  if  (this.isObject()  &&  that.isObject())  {  return  getNativeType(JSTypeNative.NO_OBJECT_TYPE);  }  else  {  return  getNativeType(JSTypeNative.NO_TYPE);  }  }  	patch  if  (!result.isNoType())  {  	291	replace
80	jacksondatabind107	buggy:  return  null;  context:  JavaType  type  =  _idResolver.typeFromId(ctxt,  typeId);  if  (type  ==  null)  {  deser  =  _findDefaultImplDeserializer(ctxt);  if  (deser  ==  null)  {  JavaType  actual  =  _handleUnknownTypeId(ctxt,  typeId);  if  (actual  ==  null)  {  //  what  should  this  be  taken  to  mean?          return  null;  }  deser  =  ctxt.findContextualValueDeserializer(actual,  _property);  }  }  else  {  	patch  return  NullifyingDeserializer.instance;  	165	replace
81	jacksondatabind16	buggy:  return  (previous  !=  null)  &&  previous.equals(ann);  context:  protected  final  boolean  _add(Annotation  ann)  {  if  (_annotations  ==  null)  {  _annotations  =  new  HashMap<Class<?  extends  Annotation>,Annotation>();  }  Annotation  previous  =  _annotations.put(ann.annotationType(),  ann);      return  (previous  !=  null)  &&  previous.equals(ann);  }  }  	patch  return  (previous  ==  null)  ||  !previous.equals(ann);  	112	replace
82	lang57	buggy:  return  cAvailableLocaleSet.contains(locale);  context:  }  public  static  boolean  isAvailableLocale(Locale  locale)  {      return  cAvailableLocaleSet.contains(locale);  }  	patch  return  availableLocaleList().contains(locale);  	223	replace
83	chart8	buggy:  this(time,  RegularTimePeriod.DEFAULT_TIME_ZONE,  Locale.getDefault());  context:  public  Week(Date  time,  TimeZone  zone)  {      this(time,  RegularTimePeriod.DEFAULT_TIME_ZONE,  Locale.getDefault());  }  	patch  this(time,  zone,  Locale.getDefault());  	175	replace
84	jsoup37	buggy:  return  accum.toString().trim();  context:  public  String  html()  {  StringBuilder  accum  =  new  StringBuilder();  html(accum);      return  accum.toString().trim();  }  private  void  html(StringBuilder  accum)  {  for  (Node  node  :  childNodes)  node.outerHtml(accum);  }  	patch  return  getOutputSettings().prettyPrint()  ?  accum.toString().trim()  :  accum.toString();  	1101	replace
85	chart1	buggy:  if  (dataset  !=  null)  {  context:  public  LegendItemCollection  getLegendItems()  {  LegendItemCollection  result  =  new  LegendItemCollection();  if  (this.plot  ==  null)  {  return  result;  }  int  index  =  this.plot.getIndexOf(this);  CategoryDataset  dataset  =  this.plot.getDataset(index);      if  (dataset  !=  null)  {  return  result;  }  int  seriesCount  =  dataset.getRowCount();  if  (plot.getRowRenderingOrder().equals(SortOrder.ASCENDING))  {  for  (int  i  =  0;  i  <  seriesCount;  i++)  {  if  (isSeriesVisibleInLegend(i))  {  LegendItem  item  =  getLegendItem(index,  i);  if  (item  !=  null)  {  	patch  if  (dataset  ==  null)  {  	1797	replace
86	cli11	buggy:  if  (option.hasArg()  &&  (option.getArgName()  !=  null))  context:  if  (option.getOpt()  !=  null)  {  buff.append( "- ").append(option.getOpt());  }  else  {  buff.append( "-- ").append(option.getLongOpt());  }      if  (option.hasArg()  &&  (option.getArgName()  !=  null))  {  buff.append( "  < ").append(option.getArgName()).append( "> ");  }  if  (!required)  {  buff.append( "] ");  	patch  if  (option.hasArg()  &&  option.hasArgName())  	632	replace
87	codec2	buggy:  if  (lineLength  >  0)  {  context:  case  2:  buf[pos++]  =  encodeTable[(x  >>  10)  &  MASK_6BITS];  buf[pos++]  =  encodeTable[(x  >>  4)  &  MASK_6BITS];  buf[pos++]  =  encodeTable[(x  <<  2)  &  MASK_6BITS];  if  (encodeTable  ==  STANDARD_ENCODE_TABLE)  {  buf[pos++]  =  PAD;  }  break;  }      if  (lineLength  >  0)  {  System.arraycopy(lineSeparator,  0,  buf,  pos,  lineSeparator.length);  pos  +=  lineSeparator.length;  }  }  else  {  for  (int  i  =  0;  i  <  inAvail;  i++)  {  if  (buf  ==  null  ||  buf.length  -  pos  <  encodeSize)  {  resizeBuf();  }  	patch  if  (lineLength  >  0  &&  pos  >  0)  {  	446	replace
88	jacksondatabind37	buggy:  return  new  SimpleType(subclass,  _bindings,  _superClass,  _superInterfaces,  context:  if  (!_class.isAssignableFrom(subclass))  {  throw  new  IllegalArgumentException( "Class   "+subclass.getName()+ "  not  sub-type  of   "  }      return  new  SimpleType(subclass,  _bindings,  _superClass,  _superInterfaces,  _valueHandler,  _typeHandler,  _asStatic);  }  public  JavaType  withContentType(JavaType  contentType)  {  throw  new  IllegalArgumentException( "Simple  types  have  no  content  types;  can  not  call  withContentType() ");  }  	patch  return  new  SimpleType(subclass,  _bindings,  this,  _superInterfaces,  	135	replace
89	closure125	buggy:  if  (fnType  !=  null)  {  context:  }  private  void  visitNew(NodeTraversal  t,  Node  n)  {  Node  constructor  =  n.getFirstChild();  JSType  type  =  getJSType(constructor).restrictByNotNullOrUndefined();  if  (type.isConstructor()  ||  type.isEmptyType()  ||  type.isUnknownType())  {  FunctionType  fnType  =  type.toMaybeFunctionType();    if  (fnType  !=  null)  {  visitParameterList(t,  n,  fnType);  ensureTyped(t,  n,  fnType.getInstanceType());  }  else  {  ensureTyped(t,  n);  }  }  else  {  report(t,  n,  NOT_A_CONSTRUCTOR);  ensureTyped(t,  n);  	patch  if  (fnType  !=  null  &&  fnType.hasInstanceType())  {  	1661	replace
90	jsoup34	buggy:  if  (offset  <  length)  {  context:  int  nextIndexOf(CharSequence  seq)  {  char  startChar  =  seq.charAt(0);  for  (int  offset  =  pos;  offset  <  length;  offset++)  {  if  (startChar  !=  input[offset])  while(++offset  <  length  &&  startChar  !=  input[offset]);  int  i  =  offset  +  1;  int  last  =  i  +  seq.length()-1;      if  (offset  <  length)  {  for  (int  j  =  1;  i  <  last  &&  seq.charAt(j)  ==  input[i];  i++,  j++);  if  (i  ==  last)  //  found  full  sequence  return  offset  -  pos;  }  }  return  -1;  }  	patch  if  (offset  <  length  &&  last  <=  length)  {  	91	replace
91	math75	buggy:  return  getCumPct((Comparable<?>)  v);  context:  public  double  getPct(Object  v)  {      return  getCumPct((Comparable<?>)  v);  }  	patch  return  getPct((Comparable<?>)  v);  	303	replace
92	compress23	buggy:  dictSize  |=  (coder.properties[i  +  1]  <<  (8  *  i));  context:  }  }  static  class  LZMADecoder  extends  CoderBase  {  InputStream  decode(final  InputStream  in,  final  Coder  coder,  byte[]  password)  throws  IOException  {  byte  propsByte  =  coder.properties[0];  long  dictSize  =  coder.properties[1];  for  (int  i  =  1;  i  <  4;  i++)  {      dictSize  |=  (coder.properties[i  +  1]  <<  (8  *  i));  }  if  (dictSize  >  LZMAInputStream.DICT_SIZE_MAX)  {  throw  new  IOException( "Dictionary  larger  than  4GiB  maximum  size ");  }  return  new  LZMAInputStream(in,  -1,  propsByte,  (int)  dictSize);  }  }  	patch  dictSize  |=  (coder.properties[i  +  1]  &  0xffl)  <<  (8  *  i);  	112	replace
93	codec4	buggy:  this(false);  context:  public  Base64()  {      this(false);  }  	patch  this(0);  	225	replace
94	gson13	buggy:  if  (last  ==  NUMBER_CHAR_DIGIT  &&  fitsInLong  &&  (value  !=  Long.MIN_VALUE  ||  negative))  {  context:  value  =  newValue;  }  else  if  (last  ==  NUMBER_CHAR_DECIMAL)  {  last  =  NUMBER_CHAR_FRACTION_DIGIT;  }  else  if  (last  ==  NUMBER_CHAR_EXP_E  ||  last  ==  NUMBER_CHAR_EXP_SIGN)  {  last  =  NUMBER_CHAR_EXP_DIGIT;  }  }  }  if  (last  ==  NUMBER_CHAR_DIGIT  &&  fitsInLong  &&  (value  !=  Long.MIN_VALUE  ||  negative))  {  peekedLong  =  negative  ?  value  :  -value;  pos  +=  i;  return  peeked  =  PEEKED_LONG;  }  else  if  (last  ==  NUMBER_CHAR_DIGIT  ||  last  ==  NUMBER_CHAR_FRACTION_DIGIT  ||  last  ==  NUMBER_CHAR_EXP_DIGIT)  {  peekedNumberLength  =  i;  return  peeked  =  PEEKED_NUMBER;  }  else  {  	patch  if  (last  ==  NUMBER_CHAR_DIGIT  &&  fitsInLong  &&  (value  !=  Long.MIN_VALUE  ||  negative)  &&  (value!=0  ||  false==negative))  {  	731	replace
95	jacksondatabind46	buggy:  sb.append(';');  context:  public  StringBuilder  getErasedSignature(StringBuilder  sb)  {  return  _classSignature(_class,  sb,  true);  }  public  StringBuilder  getGenericSignature(StringBuilder  sb)  {  _classSignature(_class,  sb,  false);  sb.append('<');  sb  =  _referencedType.getGenericSignature(sb);      sb.append(';');  return  sb;  }  	patch  sb.append( ">; ");  	156	replace
96	time4	buggy:  Partial  newPartial  =  new  Partial(iChronology,  newTypes,  newValues);  context:  }  }  System.arraycopy(iTypes,  0,  newTypes,  0,  i);  System.arraycopy(iValues,  0,  newValues,  0,  i);  newTypes[i]  =  fieldType;  newValues[i]  =  value;  System.arraycopy(iTypes,  i,  newTypes,  i  +  1,  newTypes.length  -  i  -  1);  System.arraycopy(iValues,  i,  newValues,  i  +  1,  newValues.length  -  i  -  1);      Partial  newPartial  =  new  Partial(iChronology,  newTypes,  newValues);  iChronology.validate(newPartial,  newValues);  return  newPartial;  }  if  (value  ==  getValue(index))  {  return  this;  }  int[]  newValues  =  getValues();  newValues  =  getField(index).set(this,  index,  newValues,  value);  	patch  Partial  newPartial  =  new  Partial(newTypes,  newValues,  iChronology);  	464	replace
97	jsoup88	buggy:  return  val;  context:  parent.keys[i]  =  key;  }  this.key  =  key;  }  Get  the  attribute  value.  public  String  getValue()  {      return  val;  }  Set  the  attribute  value.  public  String  setValue(String  val)  {  String  oldVal  =  parent.get(this.key);  	patch  return  Attributes.checkNotNull(val);  	80	replace
98	codec18	buggy:  return  CharSequenceUtils.regionMatches(cs1,  false,  0,  cs2,  0,  Math.max(cs1.length(),  cs2.length()));  context:  public  static  boolean  equals(final  CharSequence  cs1,  final  CharSequence  cs2)  {  if  (cs1  ==  cs2)  {  return  true;  }  if  (cs1  ==  null  ||  cs2  ==  null)  {  return  false;  }  if  (cs1  instanceof  String  &&  cs2  instanceof  String)  {  return  cs1.equals(cs2);  }      return  CharSequenceUtils.regionMatches(cs1,  false,  0,  cs2,  0,  Math.max(cs1.length(),  cs2.length()));  }  	patch  return  cs1.length()  ==  cs2.length()  &&  CharSequenceUtils.regionMatches(cs1,  false,  0,  cs2,  0,  cs1.length());  	81	replace
99	chart24	buggy:  int  g  =  (int)  ((value  -  this.lowerBound)  /  (this.upperBound  context:  public  Paint  getPaint(double  value)  {  double  v  =  Math.max(value,  this.lowerBound);  v  =  Math.min(v,  this.upperBound);      int  g  =  (int)  ((value  -  this.lowerBound)  /  (this.upperBound  this.lowerBound)  *  255.0);  return  new  Color(g,  g,  g);  }  	patch  int  g  =  (int)  ((v  -  this.lowerBound)  /  (this.upperBound  	126	replace
100	closure13	buggy:  traverse(c);  context:  if  (!shouldVisit(node))  {  return;  }  int  visits  =  0;  do  {  Node  c  =  node.getFirstChild();  while(c  !=  null)  {      traverse(c);  Node  next  =  c.getNext();  c  =  next;  }  visit(node);  visits++;  Preconditions.checkState(visits  <  10000,   "too  many  interations ");  	patch  traverse(c);  	126	replace
101	lang6	buggy:  pos  +=  Character.charCount(Character.codePointAt(input,  pos));  context:  int  consumed  =  translate(input,  pos,  out);  if  (consumed  ==  0)  {  char[]  c  =  Character.toChars(Character.codePointAt(input,  pos));  out.write(c);  pos+=  c.length;  continue;  }  for  (int  pt  =  0;  pt  <  consumed;  pt++)  {      pos  +=  Character.charCount(Character.codePointAt(input,  pos));  }  }  }  	patch  pos  +=  Character.charCount(Character.codePointAt(input,  pt));  	95	replace
102	jsoup9	buggy:  private  static  final  Pattern  unescapePattern  =  Pattern.compile( "&(#(x|X)?([0-9a-fA-F]+)|[a-zA-Z]+);? ");  context:  public  Map<Character,  String>  getMap()  {  return  map;  }  }  private  static  final  Map<String,  Character>  full;  private  static  final  Map<Character,  String>  xhtmlByVal;  private  static  final  Map<Character,  String>  baseByVal;  private  static  final  Map<Character,  String>  fullByVal;  private  static  final  Pattern  unescapePattern  =  Pattern.compile( "&(#(x|X)?([0-9a-fA-F]+)|[a-zA-Z]+);? ");  static  String  escape(String  string,  Document.OutputSettings  out)  {  return  escape(string,  out.encoder(),  out.escapeMode());  }  static  String  escape(String  string,  CharsetEncoder  encoder,  EscapeMode  escapeMode)  {  StringBuilder  accum  =  new  StringBuilder(string.length()  *  2);  Map<Character,  String>  map  =  escapeMode.getMap();  	patch  private  static  final  Pattern  unescapePattern  =  Pattern.compile( "&(#(x|X)?([0-9a-fA-F]+)|[a-zA-Z]+\\d*);? ");  	38	replace
103	cli25	buggy:  nextLineTabStop  =  width  -  1;  context:  {  sb.append(rtrim(text));  return  sb;  }  sb.append(rtrim(text.substring(0,  pos))).append(defaultNewLine);  if  (nextLineTabStop  >=  width)  {      nextLineTabStop  =  width  -  1;  }  final  String  padding  =  createPadding(nextLineTabStop);  while  (true)  {  	patch  nextLineTabStop  =  1;  	825	replace
104	jacksondatabind27	buggy:  if  (ext.handlePropertyValue(p,  ctxt,  propName,  buffer))  {  context:  JsonToken  t  =  p.getCurrentToken();  for  (;  t  ==  JsonToken.FIELD_NAME;  t  =  p.nextToken())  {  String  propName  =  p.getCurrentName();  p.nextToken();  //  to  point  to  value  SettableBeanProperty  creatorProp  =  creator.findCreatorProperty(propName);  if  (creatorProp  !=  null)  {      if  (ext.handlePropertyValue(p,  ctxt,  propName,  buffer))  {  ;  }  else  {  if  (buffer.assignParameter(creatorProp,  _deserializeWithErrorWrapping(p,  ctxt,  creatorProp)))  {  t  =  p.nextToken();  //  to  move  to  following  FIELD_NAME/END_OBJECT  Object  bean;  try  {  bean  =  creator.build(ctxt,  buffer);  	patch  if  (ext.handlePropertyValue(p,  ctxt,  propName,  null))  {  	794	replace
105	closure92	buggy:  int  indexOfDot  =  namespace.indexOf('.');  context:  }  }  }  else  {  replacementNode  =  createDeclarationNode();  if  (firstModule  ==  minimumModule)  {  firstNode.getParent().addChildBefore(replacementNode,  firstNode);  }  else  {    int  indexOfDot  =  namespace.indexOf('.');  if  (indexOfDot  ==  -1)  {  compiler.getNodeForCodeInsertion(minimumModule)  .addChildToBack(replacementNode);  }  else  {  ProvidedName  parentName  =  providedNames.get(namespace.substring(0,  indexOfDot));  	patch  int  indexOfDot  =  namespace.lastIndexOf('.');  	789	replace
106	jsoup15	buggy:  }  else  if  (StringUtil.in(name,   "base ",   "basefont ",   "bgsound ",   "command ",   "link ",   "meta ",   "noframes ",   "style ",   "title "))  {  context:  Token.StartTag  startTag  =  t.asStartTag();  String  name  =  startTag.name();  if  (name.equals( "html "))  {  tb.error(this);  Element  html  =  tb.getStack().getFirst();  for  (Attribute  attribute  :  startTag.getAttributes())  {  if  (!html.hasAttr(attribute.getKey()))  html.attributes().put(attribute);  }          }  else  if  (StringUtil.in(name,   "base ",   "basefont ",   "bgsound ",   "command ",   "link ",   "meta ",   "noframes ",   "style ",   "title "))  {  return  tb.process(t,  InHead);  }  else  if  (name.equals( "body "))  {  tb.error(this);  LinkedList<Element>  stack  =  tb.getStack();  if  (stack.size()  ==  1  ||  (stack.size()  >  2  &&  !stack.get(1).nodeName().equals( "body ")))  {  return  false;  //  ignore  }  else  {  	patch  }  else  if  (StringUtil.in(name,   "base ",   "basefont ",   "bgsound ",   "command ",   "link ",   "meta ",   "noframes ",   "script ",   "style ",   "title "))  {  	283	replace
107	chart9	buggy:  if  (endIndex  <  0)  {  context:  startIndex  =  -(startIndex  +  1);  if  (startIndex  ==  this.data.size())  {  emptyRange  =  true;  //  start  is  after  last  data  item  }  }  int  endIndex  =  getIndex(end);  if  (endIndex  <  0)  {      //  end  period  is  not  in  original  series  endIndex  =  -(endIndex  +  1);  //  this  is  first  item  AFTER  end  period  endIndex  =  endIndex  -  1;    //  so  this  is  last  item  BEFORE  end  }      if  (endIndex  <  0)  {  emptyRange  =  true;  }  if  (emptyRange)  {  TimeSeries  copy  =  (TimeSeries)  super.clone();  copy.data  =  new  java.util.ArrayList();  return  copy;  }  else  {  	patch  if  ((endIndex  <  0)    ||  (endIndex  <  startIndex))  {  	944	replace
108	jsoup32	buggy:  clone.classNames();  context:  public  int  hashCode()  {  int  result  =  super.hashCode();  result  =  31  *  result  +  (tag  !=  null  ?  tag.hashCode()  :  0);  return  result;  }  public  Element  clone()  {  Element  clone  =  (Element)  super.clone();      clone.classNames();  return  clone;  }  }  	patch  clone.classNames  =  null;  //  derived  on  first  hit,  otherwise  gets  a  pointer  to  source  classnames  	1138	replace
109	jsoup25	buggy:  private  static  final  String[]  preserveWhitespaceTags  =  { "pre ",   "plaintext ",   "title "};  context:   "option ",   "legend ",   "datalist ",   "keygen ",   "output ",   "progress ",   "meter ",   "area ",   "param ",   "source ",   "track ",   "summary ",   "command ",   "device "  };  private  static  final  String[]  emptyTags  =  {   "meta ",   "link ",   "base ",   "frame ",   "img ",   "br ",   "wbr ",   "embed ",   "hr ",   "input ",   "keygen ",   "col ",   "command ",   "device "  };  private  static  final  String[]  formatAsInlineTags  =  {   "title ",   "a ",   "p ",   "h1 ",   "h2 ",   "h3 ",   "h4 ",   "h5 ",   "h6 ",   "pre ",   "address ",   "li ",   "th ",   "td ",   "script ",   "style "  };  private  static  final  String[]  preserveWhitespaceTags  =  { "pre ",   "plaintext ",   "title "};  static  {  for  (String  tagName  :  blockTags)  {  Tag  tag  =  new  Tag(tagName);  register(tag);  }  for  (String  tagName  :  inlineTags)  {  	patch  private  static  final  String[]  preserveWhitespaceTags  =  { "pre ",   "plaintext ",   "title ",   "textarea "};  	218	replace
110	jxpath10	buggy:  return  compute(args[0].computeValue(context),  args[1].computeValue(context))  context:  public  abstract  class  CoreOperationRelationalExpression  extends  CoreOperation  {  protected  CoreOperationRelationalExpression(Expression[]  args)  {  super(args);  }  public  final  Object  computeValue(EvalContext  context)  {      return  compute(args[0].computeValue(context),  args[1].computeValue(context))  ?  Boolean.TRUE  :  Boolean.FALSE;  }  protected  final  int  getPrecedence()  {  return  3;  }  protected  final  boolean  isSymmetric()  {  	patch  return  compute(args[0].compute(context),  args[1].compute(context))  	42	replace
111	math105	buggy:  return  sumYY  -  sumXY  *  sumXY  /  sumXX;  context:  public  double  getSumSquaredErrors()  {      return  sumYY  -  sumXY  *  sumXY  /  sumXX;  }  	patch  return  Math.max(0d,  sumYY  -  sumXY  *  sumXY  /  sumXX);  	264	replace
112	compress19	buggy:  if  (rawCentralDirectoryData.length  !=  expectedLength)  {  context:  public  void  reparseCentralDirectoryData(boolean  hasUncompressedSize,  boolean  hasCompressedSize,  boolean  hasRelativeHeaderOffset,  boolean  hasDiskStart)  throws  ZipException  {  if  (rawCentralDirectoryData  !=  null)  {  int  expectedLength  =  (hasUncompressedSize  ?  DWORD  :  0)      if  (rawCentralDirectoryData.length  !=  expectedLength)  {  throw  new  ZipException( "central  directory  zip64  extended "  }  int  offset  =  0;  	patch  if  (rawCentralDirectoryData.length  <  expectedLength)  {  	259	replace
113	closure168	buggy:  if  (t.getScopeDepth()  <=  2)  {  context:  if  (t.inGlobalScope())  {  return;  }  if  (n.isReturn()  &&  n.getFirstChild()  !=  null)  {  data.get(t.getScopeRoot()).recordNonEmptyReturn();  }    if  (t.getScopeDepth()  <=  2)  {  	patch  if  (t.getScopeDepth()  <=  1)  {  	1996	replace
114	time19	buggy:  }  else  if  (offsetLocal  >  0)  {  context:  if  ((offsetLocal  -  offsetAdjusted)  <  0)  {  long  nextLocal  =  nextTransition(instantAdjusted);  long  nextAdjusted  =  nextTransition(instantLocal  -  offsetAdjusted);  if  (nextLocal  !=  nextAdjusted)  {  return  offsetLocal;  }  }      }  else  if  (offsetLocal  >  0)  {  long  prev  =  previousTransition(instantAdjusted);  if  (prev  <  instantAdjusted)  {  int  offsetPrev  =  getOffset(prev);  int  diff  =  offsetPrev  -  offsetLocal;  if  (instantAdjusted  -  prev  <=  diff)  {  return  offsetPrev;  }  }  	patch  }  else  if  (offsetLocal  >=  0)  {  	900	replace
115	closure10	buggy:  return  allResultsMatch(n,  MAY_BE_STRING_PREDICATE);  context:  static  boolean  mayBeString(Node  n)  {  return  mayBeString(n,  true);  }  static  boolean  mayBeString(Node  n,  boolean  recurse)  {  if  (recurse)  {    return  allResultsMatch(n,  MAY_BE_STRING_PREDICATE);  }  else  {  return  mayBeStringHelper(n);  }  }  static  boolean  mayBeStringHelper(Node  n)  {  return  !isNumericResult(n)  &&  !isBooleanResult(n)  &&  !isUndefined(n)  &&  !n.isNull();  	patch  return  anyResultsMatch(n,  MAY_BE_STRING_PREDICATE);  	1417	replace
116	closure14	buggy:  cfa.createEdge(fromNode,  Branch.UNCOND,  finallyNode);  context:  }  else  if  (NodeUtil.getCatchBlock(parent)  ==  node){  if  (NodeUtil.hasFinally(parent))  {  //  and  have  FINALLY  block.  return  computeFallThrough(node.getNext());  }  else  {  return  computeFollowNode(fromNode,  parent,  cfa);  }  }  else  if  (parent.getLastChild()  ==  node){  if  (cfa  !=  null)  {  for  (Node  finallyNode  :  cfa.finallyMap.get(parent))  {        cfa.createEdge(fromNode,  Branch.UNCOND,  finallyNode);  }  }  return  computeFollowNode(fromNode,  parent,  cfa);  }  }  	patch  cfa.createEdge(fromNode,  Branch.ON_EX,  finallyNode);  	767	replace
117	mockito5	buggy:  catch  (org.mockito.exceptions.verification.junit.ArgumentsAreDifferent  e)  {  context:  delegate.verify(data);  if  (returnOnSuccess)  {  return;  }  else  {  error  =  null;  }  }  catch  (MockitoAssertionError  e)  {  error  =  handleVerifyException(e);  }      catch  (org.mockito.exceptions.verification.junit.ArgumentsAreDifferent  e)  {  error  =  handleVerifyException(e);  }  }  if  (error  !=  null)  {  throw  error;  }  }  	patch  catch  (AssertionError  e)  {  	91	replace
118	math94	buggy:  if  (u  *  v  ==  0)  {  context:  public  static  int  gcd(int  u,  int  v)  {      if  (u  *  v  ==  0)  {  return  (Math.abs(u)  +  Math.abs(v));  }  if  (u  >  0)  {  	patch  if  ((u  ==  0)  ||  (v  ==  0))  {  	412	replace
119	jsoup61	buggy:  final  String  classAttr  =  attributes.get( "class ");  context:  return  this;  }  public  boolean  hasClass(String  className)  {      final  String  classAttr  =  attributes.get( "class ");  final  int  len  =  classAttr.length();  final  int  wantLen  =  className.length();  if  (len  ==  0  ||  len  <  wantLen)  {  return  false;  }  	patch  final  String  classAttr  =  attributes.getIgnoreCase( "class ");  	1092	replace
120	math80	buggy:  int  j  =  4  *  n  -  1;  context:  private  boolean  flipIfWarranted(final  int  n,  final  int  step)  {  if  (1.5  *  work[pingPong]  <  work[4  *  (n  -  1)  +  pingPong])  {      int  j  =  4  *  n  -  1;  for  (int  i  =  0;  i  <  j;  i  +=  4)  {  for  (int  k  =  0;  k  <  4;  k  +=  step)  {  final  double  tmp  =  work[i  +  k];  work[i  +  k]  =  work[j  -  k];  work[j  -  k]  =  tmp;  }  j  -=  4;  }  	patch  int  j  =  4  *  (n  -  1);  	1135	replace
121	compress38	buggy:  if  (getName().endsWith( "/ "))  {  context:  public  boolean  isDirectory()  {  if  (file  !=  null)  {  return  file.isDirectory();  }  if  (linkFlag  ==  LF_DIR)  {  return  true;  }      if  (getName().endsWith( "/ "))  {  return  true;  }  return  false;  }  	patch  if  (!isPaxHeader()  &&  !isGlobalPaxHeader()  &&  getName().endsWith( "/ "))  {  	859	replace
122	closure102	buggy:  removeDuplicateDeclarations(root);  context:  if  (assertOnChange)  {  throw  new  IllegalStateException(   "Normalize  constraints  violated:\n "  +  changeDescription);  }  compiler.reportCodeChange();  }  public  void  process(Node  externs,  Node  root)  {  NodeTraversal.traverse(compiler,  root,  this);  if  (MAKE_LOCAL_NAMES_UNIQUE)  {  MakeDeclaredNamesUnique  renamer  =  new  MakeDeclaredNamesUnique();  NodeTraversal  t  =  new  NodeTraversal(compiler,  renamer);  t.traverseRoots(externs,  root);  }  removeDuplicateDeclarations(root);  new  PropogateConstantAnnotations(compiler,  assertOnChange)  .process(externs,  root);  }  	patch  removeDuplicateDeclarations(root);  	89	replace
123	lang21	buggy:  cal1.get(Calendar.HOUR)  ==  cal2.get(Calendar.HOUR)  &&  context:  public  static  boolean  isSameLocalTime(Calendar  cal1,  Calendar  cal2)  {  if  (cal1  ==  null  ||  cal2  ==  null)  {  throw  new  IllegalArgumentException( "The  date  must  not  be  null ");  }  return  (cal1.get(Calendar.MILLISECOND)  ==  cal2.get(Calendar.MILLISECOND)  &&  cal1.get(Calendar.SECOND)  ==  cal2.get(Calendar.SECOND)  &&  cal1.get(Calendar.MINUTE)  ==  cal2.get(Calendar.MINUTE)  &&      cal1.get(Calendar.HOUR)  ==  cal2.get(Calendar.HOUR)  &&  cal1.get(Calendar.DAY_OF_YEAR)  ==  cal2.get(Calendar.DAY_OF_YEAR)  &&  cal1.get(Calendar.YEAR)  ==  cal2.get(Calendar.YEAR)  &&  cal1.get(Calendar.ERA)  ==  cal2.get(Calendar.ERA)  &&  cal1.getClass()  ==  cal2.getClass());  }  	patch  cal1.get(Calendar.HOUR_OF_DAY)  ==  cal2.get(Calendar.HOUR_OF_DAY)  &&  	265	replace
124	csv12	buggy:  public  static  final  CSVFormat  EXCEL  =  DEFAULT.withIgnoreEmptyLines(false);  context:  public  static  final  CSVFormat  EXCEL  =  DEFAULT.withIgnoreEmptyLines(false);  	patch  public  static  final  CSVFormat  EXCEL  =  DEFAULT.withIgnoreEmptyLines(false).withAllowMissingColumnNames(true);  	219	replace
125	mockito34	buggy:  if  (m  instanceof  CapturesArguments)  {  context:  return  invocation.getLocation();  }  public  String  toString(PrintSettings  printSettings)  {  return  invocation.toString(matchers,  printSettings);  }  public  void  captureArgumentsFrom(Invocation  i)  {  int  k  =  0;  for  (Matcher  m  :  matchers)  {      if  (m  instanceof  CapturesArguments)  {  ((CapturesArguments)  m).captureFrom(i.getArguments()[k]);  }  k++;  }  }  }  \  No  newline  at  end  of  file  	patch  if  (m  instanceof  CapturesArguments  &&  i.getArguments().length  >  k)  {  	106	replace
126	math63	buggy:  return  (Double.isNaN(x)  &&  Double.isNaN(y))  ||  x  ==  y;  context:  public  static  boolean  equals(double  x,  double  y)  {      return  (Double.isNaN(x)  &&  Double.isNaN(y))  ||  x  ==  y;  }  	patch  return  equals(x,  y,  1);  	417	replace
127	closure113	buggy:  if  (provided  !=  null)  {  context:  }  maybeAddToSymbolTable(left);  maybeAddStringNodeToSymbolTable(arg);    if  (provided  !=  null)  {  parent.detachFromParent();  compiler.reportCodeChange();  }  }  }  	patch  if  (provided  !=  null  ||  requiresLevel.isOn())  {  	329	replace
128	closure52	buggy:  return  len  >  0;  context:  }  static  boolean  isSimpleNumber(String  s)  {  int  len  =  s.length();  for  (int  index  =  0;  index  <  len;  index++)  {  char  c  =  s.charAt(index);  if  (c  <  '0'  ||  c  >  '9')  {  return  false;  }  }  return  len  >  0;  }  static  double  getSimpleNumber(String  s)  {  if  (isSimpleNumber(s))  {  try  {  long  l  =  Long.parseLong(s);  if  (l  <  NodeUtil.MAX_POSITIVE_INTEGER_NUMBER)  {  return  l;  	patch  return  len  >  0  &&  s.charAt(0)  !=  '0';  	745	replace
129	chart20	buggy:  super(paint,  stroke,  paint,  stroke,  alpha);  context:  public  ValueMarker(double  value,  Paint  paint,  Stroke  stroke,  Paint  outlinePaint,  Stroke  outlineStroke,  float  alpha)  {      super(paint,  stroke,  paint,  stroke,  alpha);  this.value  =  value;  }  	patch  super(paint,  stroke,  outlinePaint,  outlineStroke,  alpha);  	95	replace
130	time16	buggy:  instantLocal,  chrono,  iLocale,  iPivotYear,  iDefaultYear);  context:  if  (instant  ==  null)  {  throw  new  IllegalArgumentException( "Instant  must  not  be  null ");  }  long  instantMillis  =  instant.getMillis();  Chronology  chrono  =  instant.getChronology();  long  instantLocal  =  instantMillis  +  chrono.getZone().getOffset(instantMillis);  chrono  =  selectChronology(chrono);  DateTimeParserBucket  bucket  =  new  DateTimeParserBucket(      instantLocal,  chrono,  iLocale,  iPivotYear,  iDefaultYear);  int  newPos  =  parser.parseInto(bucket,  text,  position);  instant.setMillis(bucket.computeMillis(false,  text));  if  (iOffsetParsed  &&  bucket.getOffsetInteger()  !=  null)  {  int  parsedOffset  =  bucket.getOffsetInteger();  DateTimeZone  parsedZone  =  DateTimeZone.forOffsetMillis(parsedOffset);  chrono  =  chrono.withZone(parsedZone);  }  else  if  (bucket.getZone()  !=  null)  {  chrono  =  chrono.withZone(bucket.getZone());  	patch  instantLocal,  chrono,  iLocale,  iPivotYear,  chrono.year().get(instantLocal));  	709	replace
131	csv11	buggy:  final  boolean  emptyHeader  =  header.trim().isEmpty();  context:  this.nextRecord();  }  headerRecord  =  formatHeader;  }  if  (headerRecord  !=  null)  {  for  (int  i  =  0;  i  <  headerRecord.length;  i++)  {  final  String  header  =  headerRecord[i];  final  boolean  containsHeader  =  hdrMap.containsKey(header);          final  boolean  emptyHeader  =  header.trim().isEmpty();  if  (containsHeader  &&  (!emptyHeader  ||  (emptyHeader  &&  !this.format.getIgnoreEmptyHeaders())))  {  throw  new  IllegalArgumentException( "The  header  contains  a  duplicate  name:  \ " "  +  header  +   "\ "  in   "  +  Arrays.toString(headerRecord));  }  hdrMap.put(header,  Integer.valueOf(i));  }  }  }  	patch  final  boolean  emptyHeader  =  header  ==  null  ||  header.trim().isEmpty();  	384	replace
132	lang24	buggy:  return  foundDigit  &&  !hasExp;  context:  if  (!allowSigns  &&  (chars[i]  ==  'd'  ||  chars[i]  ==  'D'  ||  chars[i]  ==  'f'  ||  chars[i]  ==  'F'))  {  return  foundDigit;  }  if  (chars[i]  ==  'l'  ||  chars[i]  ==  'L')  {      return  foundDigit  &&  !hasExp;  }  return  false;  }  return  !allowSigns  &&  foundDigit;  }  	patch  return  foundDigit  &&  !hasExp  &&  !hasDecPoint;  	1413	replace
133	closure65	buggy:  case  '\0':  sb.append( "\\0 ");  break;  context:  static  String  strEscape(String  s,  char  quote,  String  doublequoteEscape,  String  singlequoteEscape,  String  backslashEscape,  CharsetEncoder  outputCharsetEncoder)  {  StringBuilder  sb  =  new  StringBuilder(s.length()  +  2);  sb.append(quote);  for  (int  i  =  0;  i  <  s.length();  i++)  {  char  c  =  s.charAt(i);  switch  (c)  {      case  '\0':  sb.append( "\\0 ");  break;  case  '\n':  sb.append( "\\n ");  break;  case  '\r':  sb.append( "\\r ");  break;  case  '\t':  sb.append( "\\t ");  break;  case  '\\':  sb.append(backslashEscape);  break;  case  '\ "':  sb.append(doublequoteEscape);  break;  case  '\'':  sb.append(singlequoteEscape);  break;  case  '>':        //  Break  -->  into  --\>  or  ]]>  into  ]]\>  if  (i  >=  2  &&  	patch  case  '\0':  sb.append( "\\000 ");  break;  	1015	replace
134	math30	buggy:  final  int  n1n2prod  =  n1  *  n2;  context:  private  double  calculateAsymptoticPValue(final  double  Umin,  final  int  n1,  final  int  n2)  throws  ConvergenceException,  MaxCountExceededException  {      final  int  n1n2prod  =  n1  *  n2;  final  double  EU  =  n1n2prod  /  2.0;  final  double  VarU  =  n1n2prod  *  (n1  +  n2  +  1)  /  12.0;  final  double  z  =  (Umin  -  EU)  /  FastMath.sqrt(VarU);  final  NormalDistribution  standardNormal  =  new  NormalDistribution(0,  1);  	patch  final  double  n1n2prod  =  n1  *  n2;  	173	replace
135	math69	buggy:  out[i][j]  =  2  *  (1  -  tDistribution.cumulativeProbability(t));  context:  TDistribution  tDistribution  =  new  TDistributionImpl(nObs  -  2);  int  nVars  =  correlationMatrix.getColumnDimension();  double[][]  out  =  new  double[nVars][nVars];  for  (int  i  =  0;  i  <  nVars;  i++)  {  for  (int  j  =  0;  j  <  nVars;  j++)  {  if  (i  ==  j)  {  out[i][j]  =  0d;  }  else  {  double  r  =  correlationMatrix.getEntry(i,  j);  double  t  =  Math.abs(r  *  Math.sqrt((nObs  -  2)/(1  -  r  *  r)));          out[i][j]  =  2  *  (1  -  tDistribution.cumulativeProbability(t));  }  }  }  return  new  BlockRealMatrix(out);  }  	patch  out[i][j]  =  2  *  tDistribution.cumulativeProbability(-t);  	171	replace
136	chart10	buggy:  return   "  title=\ " "  +  toolTipText  context:  }  public  String  generateToolTipFragment(String  toolTipText)  {      return   "  title=\ " "  +  toolTipText  }  }  	patch  return   "  title=\ " "  +  ImageMapUtilities.htmlEscape(toolTipText)  	65	replace
137	mockito38	buggy:  return  StringDescription.toString(m).equals(arg.toString());  context:  private  boolean  safelyMatches(Matcher  m,  Object  arg)  {  try  {  return  m.matches(arg);  }  catch  (Throwable  t)  {  return  false;  }  }  private  boolean  toStringEquals(Matcher  m,  Object  arg)  {      return  StringDescription.toString(m).equals(arg.toString());  }  }  	patch  return  StringDescription.toString(m).equals(arg  ==  null?   "null "  :  arg.toString());  	48	replace
138	cli8	buggy:  pos  =  findWrapPos(text,  width,  nextLineTabStop);  context:  }  sb.append(rtrim(text.substring(0,  pos))).append(defaultNewLine);  final  String  padding  =  createPadding(nextLineTabStop);  while  (true)  {  text  =  padding  +  text.substring(pos).trim();      pos  =  findWrapPos(text,  width,  nextLineTabStop);  if  (pos  ==  -1)  {  sb.append(text);  return  sb;  }  	patch  pos  =  findWrapPos(text,  width,  0);  	812	replace
139	jacksoncore8	buggy:  if  (!_hasSegments)  return  _currentSegment;  context:  public  char[]  getTextBuffer()  {  if  (_inputStart  >=  0)  return  _inputBuffer;  if  (_resultArray  !=  null)  return  _resultArray;  if  (_resultString  !=  null)  {  return  (_resultArray  =  _resultString.toCharArray());  }      if  (!_hasSegments)  return  _currentSegment;  return  contentsAsArray();  }  	patch  if  (!_hasSegments  &&  _currentSegment  !=  null)    return  _currentSegment;  	307	replace
140	lang16	buggy:  if  (str.startsWith( "0x ")  ||  str.startsWith( "-0x "))  {  context:  if  (StringUtils.isBlank(str))  {  throw  new  NumberFormatException( "A  blank  string  is  not  a  valid  number ");  }  if  (str.startsWith( "-- "))  {  return  null;  }      if  (str.startsWith( "0x ")  ||  str.startsWith( "-0x "))  {  return  createInteger(str);  }  char  lastChar  =  str.charAt(str.length()  -  1);  String  mant;  String  dec;  String  exp;  int  decPos  =  str.indexOf('.');  int  expPos  =  str.indexOf('e')  +  str.indexOf('E')  +  1;  	patch  if  (str.startsWith( "0x ")  ||  str.startsWith( "-0x ")  ||  str.startsWith( "0X ")  ||  str.startsWith( "-0X "))  {  	458	replace
